{
  "Case": "NamedGimmickLocatorSet",
  "Fields": [
    [
      {
        "Position": {
          "X": -1849.423,
          "Y": 339.154,
          "Z": -254.990,
          "W": 3.665629E-39
        },
        "Rotation": {
          "X": 0.0,
          "Y": -0.048903,
          "Z": 0.0,
          "W": 0.998803
        },
        "LocatorName": 373126284,
        "DataSetName": 2510707756
      },
      {
        "Position": {
          "X": -1572.77051,
          "Y": 354.583221,
          "Z": -276.9379,
          "W": 3.665629E-39
        },
        "Rotation": {
          "X": 0.0,
          "Y": -0.979095,
          "Z": 0.0,
          "W": 0.203399
        },
        "LocatorName": 467170509,
        "DataSetName": 2510707756
      }
    ]
  ]
}